{
  "elapsed_seconds": 300.88619661331177,
  "checked": 12190720,
  "ops_per_sec": 40516.04938084641,
  "found": null,
  "found_by": null,
  "timestamp_utc": "2025-10-09T13:51:50Z"
}